Series,Series ID,fold_count,RMSE,MAE,R2,Skill,wPICP_80,PICP_80,wMPIW_80,MPIW_80,wNMPIW_80,NMPIW_80,Winkler_80,dominant_method,dominant_interval_pair,Coverage gap vs 0.80,needs_manual_review,manual_review_reason
Longest History,X9BZ68VQ__OYJGNSQK__DPPUO5X2__1,5,3.551221218339289,1.95492690357268,-0.05879879860524828,0.0,0.862230109006601,0.86,6.43674668357961,6.455979415170009,0.21808771009521777,0.2187393471096316,11.342555508268415,lgb_conformal,q02-q95,0.062230109006600975,True,"wPICP_80=0.862 outside [0.75, 0.85]"
Highest Total Weight,SJZP0OVU__OYJGNSQK__NQ58FVQM__25,2,0.0002543682155421968,0.0001834150477817912,0.6732768456301372,0.8647170472249787,0.7923953339825067,0.8,0.0005281658750924107,0.0005388156389971998,0.3707229707513248,0.3781981074437377,0.0010493872685474665,naive_lag1,q05-q90,-0.007604666017493322,False,
Most Volatile,W4S29LF4__KL66VIS3__PHHHVYZI__25,3,61.18418438462534,49.634738047119484,0.8628389584742346,0.9592232996474289,0.7744586413634652,0.7666666666666667,159.09093498944998,158.2187780769808,0.30004662879956945,0.2984017346930135,243.3212948514318,naive_lag1,q10-q95,-0.02554135863653484,False,
Most Stable,SJZP0OVU__OYJGNSQK__NQ58FVQM__1,3,0.00016417112132410247,0.00012754723328440974,-0.5381239277339951,0.0,0.7617524566389756,0.7666666666666667,0.0003656493119801658,0.000373607376489082,0.4850239902574503,0.4955801490587285,0.000589356286058142,lgb_conformal,q10-q90,-0.03824754336102443,False,
