name,id,points,train_len,test_len,split_ts_index,min_ts_index,max_ts_index,mean_y_target,target_std,weight_mean
Longest History,X9BZ68VQ__OYJGNSQK__DPPUO5X2__1,212,169,43,2995,2826,3037,-0.1051184732599429,2.641557560383879,4.273601390613582
Highest Total Weight,SJZP0OVU__OYJGNSQK__NQ58FVQM__25,156,124,32,3001,2874,3032,-0.00014648565772907622,0.00039386828192331826,278829948.4099717
Most Volatile,W4S29LF4__KL66VIS3__PHHHVYZI__25,162,129,33,2879,2747,2911,15.319933302533329,296.7600105712893,0.00281663195624041
Most Stable,SJZP0OVU__OYJGNSQK__NQ58FVQM__1,170,136,34,3013,2874,3052,-3.433364266405128e-06,0.00013915014851664865,227591862.1089812
